Measure_Name,Provider_Group,Region,Open_Gaps,Members_With_Open_Gaps,Unattempted_Open_Gaps,Unreachable_Open_Gaps
Breast Cancer Screening,Provider Group A,East,6,6,3,3
Breast Cancer Screening,Provider Group A,North,6,6,2,2
Breast Cancer Screening,Provider Group A,South,12,12,3,0
Breast Cancer Screening,Provider Group A,West,7,7,3,3
Breast Cancer Screening,Provider Group B,East,4,4,0,3
Breast Cancer Screening,Provider Group B,North,3,3,0,1
Breast Cancer Screening,Provider Group B,South,13,13,3,7
Breast Cancer Screening,Provider Group B,West,8,8,3,3
Breast Cancer Screening,Provider Group C,East,10,10,2,4
Breast Cancer Screening,Provider Group C,North,7,7,3,0
Breast Cancer Screening,Provider Group C,South,15,15,4,1
Breast Cancer Screening,Provider Group C,West,10,10,6,2
Breast Cancer Screening,Provider Group D,East,2,2,0,1
Breast Cancer Screening,Provider Group D,North,7,7,3,0
Breast Cancer Screening,Provider Group D,South,9,9,3,1
Breast Cancer Screening,Provider Group D,West,9,9,3,1
Breast Cancer Screening,Provider Group E,East,3,3,0,0
Breast Cancer Screening,Provider Group E,North,2,2,2,0
Breast Cancer Screening,Provider Group E,South,7,7,4,3
Breast Cancer Screening,Provider Group E,West,6,6,2,2
Colorectal Cancer Screening,Provider Group A,East,11,11,2,3
Colorectal Cancer Screening,Provider Group A,North,17,17,5,4
Colorectal Cancer Screening,Provider Group A,South,30,30,9,10
Colorectal Cancer Screening,Provider Group A,West,16,16,5,1
Colorectal Cancer Screening,Provider Group B,East,18,18,4,4
Colorectal Cancer Screening,Provider Group B,North,18,18,8,6
Colorectal Cancer Screening,Provider Group B,South,26,26,8,9
Colorectal Cancer Screening,Provider Group B,West,20,20,7,6
Colorectal Cancer Screening,Provider Group C,East,20,20,5,4
Colorectal Cancer Screening,Provider Group C,North,23,23,8,7
Colorectal Cancer Screening,Provider Group C,South,35,35,13,9
Colorectal Cancer Screening,Provider Group C,West,22,22,10,8
Colorectal Cancer Screening,Provider Group D,East,20,20,5,8
Colorectal Cancer Screening,Provider Group D,North,24,24,8,9
Colorectal Cancer Screening,Provider Group D,South,18,18,8,3
Colorectal Cancer Screening,Provider Group D,West,20,20,10,1
Colorectal Cancer Screening,Provider Group E,East,10,10,6,1
Colorectal Cancer Screening,Provider Group E,North,10,10,1,2
Colorectal Cancer Screening,Provider Group E,South,22,22,7,7
Colorectal Cancer Screening,Provider Group E,West,13,13,2,2
Controlling Blood Pressure,Provider Group A,East,18,18,3,7
Controlling Blood Pressure,Provider Group A,North,16,16,4,2
Controlling Blood Pressure,Provider Group A,South,25,25,8,12
Controlling Blood Pressure,Provider Group A,West,17,17,3,5
Controlling Blood Pressure,Provider Group B,East,24,24,5,9
Controlling Blood Pressure,Provider Group B,North,21,21,8,5
Controlling Blood Pressure,Provider Group B,South,20,20,6,4
Controlling Blood Pressure,Provider Group B,West,13,13,3,2
Controlling Blood Pressure,Provider Group C,East,15,15,9,0
Controlling Blood Pressure,Provider Group C,North,20,20,6,6
Controlling Blood Pressure,Provider Group C,South,37,37,9,9
Controlling Blood Pressure,Provider Group C,West,22,22,10,5
Controlling Blood Pressure,Provider Group D,East,13,13,4,5
Controlling Blood Pressure,Provider Group D,North,12,12,4,3
Controlling Blood Pressure,Provider Group D,South,26,26,6,12
Controlling Blood Pressure,Provider Group D,West,21,21,4,3
Controlling Blood Pressure,Provider Group E,East,11,11,6,2
Controlling Blood Pressure,Provider Group E,North,10,10,5,4
Controlling Blood Pressure,Provider Group E,South,28,28,9,7
Controlling Blood Pressure,Provider Group E,West,9,9,2,3
Diabetes Care,Provider Group A,East,8,8,5,0
Diabetes Care,Provider Group A,North,7,7,5,0
Diabetes Care,Provider Group A,South,26,26,12,5
Diabetes Care,Provider Group A,West,12,12,2,2
Diabetes Care,Provider Group B,East,10,10,2,4
Diabetes Care,Provider Group B,North,14,14,4,3
Diabetes Care,Provider Group B,South,28,28,8,12
Diabetes Care,Provider Group B,West,10,10,2,5
Diabetes Care,Provider Group C,East,16,16,6,7
Diabetes Care,Provider Group C,North,22,22,12,4
Diabetes Care,Provider Group C,South,30,30,10,11
Diabetes Care,Provider Group C,West,19,19,7,7
Diabetes Care,Provider Group D,East,12,12,3,3
Diabetes Care,Provider Group D,North,16,16,3,3
Diabetes Care,Provider Group D,South,16,16,2,6
Diabetes Care,Provider Group D,West,14,14,4,2
Diabetes Care,Provider Group E,East,11,11,2,7
Diabetes Care,Provider Group E,North,9,9,3,3
Diabetes Care,Provider Group E,South,17,17,4,6
Diabetes Care,Provider Group E,West,9,9,6,0
Follow-Up After Hospitalization,Provider Group A,East,14,14,3,5
Follow-Up After Hospitalization,Provider Group A,North,22,22,6,6
Follow-Up After Hospitalization,Provider Group A,South,27,27,8,6
Follow-Up After Hospitalization,Provider Group A,West,12,12,5,0
Follow-Up After Hospitalization,Provider Group B,East,14,14,5,3
Follow-Up After Hospitalization,Provider Group B,North,16,16,3,3
Follow-Up After Hospitalization,Provider Group B,South,17,17,7,4
Follow-Up After Hospitalization,Provider Group B,West,8,8,2,2
Follow-Up After Hospitalization,Provider Group C,East,11,11,6,1
Follow-Up After Hospitalization,Provider Group C,North,25,25,6,9
Follow-Up After Hospitalization,Provider Group C,South,20,20,8,7
Follow-Up After Hospitalization,Provider Group C,West,22,22,6,6
Follow-Up After Hospitalization,Provider Group D,East,10,10,2,6
Follow-Up After Hospitalization,Provider Group D,North,18,18,2,4
Follow-Up After Hospitalization,Provider Group D,South,14,14,6,5
Follow-Up After Hospitalization,Provider Group D,West,12,12,4,5
Follow-Up After Hospitalization,Provider Group E,East,9,9,2,4
Follow-Up After Hospitalization,Provider Group E,North,13,13,3,4
Follow-Up After Hospitalization,Provider Group E,South,17,17,3,7
Follow-Up After Hospitalization,Provider Group E,West,10,10,1,5
Medication Adherence,Provider Group A,East,2,2,2,0
Medication Adherence,Provider Group A,South,10,10,3,5
Medication Adherence,Provider Group A,West,7,7,3,1
Medication Adherence,Provider Group B,East,6,6,1,2
Medication Adherence,Provider Group B,North,9,9,5,3
Medication Adherence,Provider Group B,South,8,8,3,4
Medication Adherence,Provider Group B,West,4,4,2,0
Medication Adherence,Provider Group C,East,15,15,4,4
Medication Adherence,Provider Group C,North,14,14,6,4
Medication Adherence,Provider Group C,South,22,22,8,7
Medication Adherence,Provider Group C,West,9,9,5,2
Medication Adherence,Provider Group D,East,8,8,2,2
Medication Adherence,Provider Group D,North,7,7,1,2
Medication Adherence,Provider Group D,South,20,20,4,7
Medication Adherence,Provider Group D,West,10,10,2,4
Medication Adherence,Provider Group E,East,8,8,4,2
Medication Adherence,Provider Group E,North,5,5,4,0
Medication Adherence,Provider Group E,South,9,9,1,7
Medication Adherence,Provider Group E,West,4,4,1,1
